{
  "project_info": {
    "project_number": "745884272823",
    "project_id": "qrchat-b7a67",
    "storage_bucket": "qrchat-b7a67.firebasestorage.app"
  },
  "client": [
    {
      "client_info": {
        "mobilesdk_app_id": "1:745884272823:android:bc0cc4d389b36ee1d9e532",
        "android_client_info": {
          "package_name": "com.example.qrchatapp"
        }
      },
      "oauth_client": [],
      "api_key": [
        {
          "current_key": "AIzaSyDEoFb4ovEEyrSKs7Se9JToLzHA26A6ga8"
        }
      ],
      "services": {
        "appinvite_service": {
          "other_platform_oauth_client": []
        }
      }
    }
  ],
  "configuration_version": "1"
}
